{
    "Home": {
        "isPublished": true,
        "pose": {
            "position": {
                "x": 0.5,
                "y": 0.5,
                "z": 0.0
            },
            "orientation": {
                "x": 0.0,
                "y": 0.0,
                "z": 0.0,
                "w": 1.0
            }
        }
    },
    "T1": {
        "isPublished": true,
        "pose": {
            "position": {
                "x": 1.5,
                "y": 0.5,
                "z": 0.0
            },
            "orientation": {
                "x": 0.0,
                "y": 0.0,
                "z": 0.0,
                "w": 1.0
            }
        }
    },
    "T2": {
        "isPublished": false,
        "pose": {
            "position": {
                "x": 2.5,
                "y": 0.5,
                "z": 0.0
            },
            "orientation": {
                "x": 0.0,
                "y": 0.0,
                "z": 0.0,
                "w": 1.0
            }
        }
    },
    "T3": {
        "isPublished": false,
        "pose": {
            "position": {
                "x": 3.5,
                "y": 0.5,
                "z": 0.0
            },
            "orientation": {
                "x": 0.0,
                "y": 0.0,
                "z": 0.0,
                "w": 1.0
            }
        }
    },
    "T4": {
        "isPublished": false,
        "pose": {
            "position": {
                "x": 0.5,
                "y": 0.5,
                "z": 0.0
            },
            "orientation": {
                "x": 0.0,
                "y": 0.0,
                "z": 0.0,
                "w": 1.0
            }
        }
    },
    "T5": {
        "isPublished": false,
        "pose": {
            "position": {
                "x": 0.5,
                "y": 0.5,
                "z": 0.0
            },
            "orientation": {
                "x": 0.0,
                "y": 0.0,
                "z": 0.0,
                "w": 1.0
            }
        }
    },
    "T6": {
        "isPublished": false,
        "pose": {
            "position": {
                "x": 0.5,
                "y": 0.5,
                "z": 0.0
            },
            "orientation": {
                "x": 0.0,
                "y": 0.0,
                "z": 0.0,
                "w": 1.0
            }
        }
    },
    "T7": {
        "isPublished": false,
        "pose": {
            "position": {
                "x": 0.5,
                "y": 0.5,
                "z": 0.0
            },
            "orientation": {
                "x": 0.0,
                "y": 0.0,
                "z": 0.0,
                "w": 1.0
            }
        }
    },
    "T8": {
        "isPublished": false,
        "pose": {
            "position": {
                "x": 0.5,
                "y": 0.5,
                "z": 0.0
            },
            "orientation": {
                "x": 0.0,
                "y": 0.0,
                "z": 0.0,
                "w": 1.0
            }
        }
    },
    "T9": {
        "isPublished": false,
        "pose": {
            "position": {
                "x": 0.5,
                "y": 0.5,
                "z": 0.0
            },
            "orientation": {
                "x": 0.0,
                "y": 0.0,
                "z": 0.0,
                "w": 1.0
            }
        }
    }
}
